﻿Designator,Quantity,Value,Footprint,Package,MPN,DNP,Mount_Type,Description,Vender,Part #,Sim.Pins,Vedner
C1,1,1uF,C_0805_2012Metric_Pad1.18x1.45mm_HandSolder,,,,smt,"Unpolarized capacitor, small symbol",,,,
C2,1,2.2uF,C_0805_2012Metric_Pad1.18x1.45mm_HandSolder,,,,smt,"Unpolarized capacitor, small symbol",,,,
D1,1,CXA1304,CXA1304,,,,tht,"Light emitting diode, small symbol, filled shape",DigiKey,CXA1304-0000-000N00B440F-ND,1=K 2=A,
D2,1,BAT20JFILM,SOD-323_HandSoldering,,,,smt,"Schottky diode, small symbol, filled shape",DigiKey,497-3381-1-ND,,
L1,1,33uH,inductor_33uH,,,,tht,"Inductor, small symbol",,SRN6045-330MCT-ND,,DigiKey
P1,1,Power,Socket_Strip_Straight_1x03,,,,tht,,,,,
"P2, P4",2,LED +VE,Socket_Strip_Straight_1x02,,,,tht,,,,,
"P3, P5",2,LED -VE,Socket_Strip_Straight_1x02,,,,tht,,,,,
"R1, R2",2,0.5,R_1206_3216Metric_Pad1.30x1.75mm_HandSolder,,,,smt,"Resistor, small symbol",DigiKey,311-0.5LWCT-ND,,
R3,1,10k,R_0805_2012Metric_Pad1.20x1.40mm_HandSolder,,,,smt,"Resistor, small symbol",,,,
U1,1,AL8805W5,SOT-23-5,,,,smt,,DigiKey,AL8805W5-7DICT-ND,,
