﻿pos_x,pos_y,rotation,side,designator,mpn,pack,footprint,value,mount_type
130.2,-95.2,0.0,top,C1,,,C_0805_2012Metric_Pad1.18x1.45mm_HandSolder,1uF,smt
124.0,-103.25,180.0,top,C2,,,C_0805_2012Metric_Pad1.18x1.45mm_HandSolder,2.2uF,smt
100.0,-100.0,0.0,bottom,D1,,,CXA1304,CXA1304,tht
129.05,-102.75,0.0,top,D2,,,SOD-323_HandSoldering,BAT20JFILM,smt
136.144,-99.568,-90.0,top,L1,,,inductor_33uH,33uH,tht
130.66,-108.0,0.0,bottom,P1,,,Socket_Strip_Straight_1x03,Power,tht
121.0,-109.0,90.0,top,P2,,,Socket_Strip_Straight_1x02,LED +VE,tht
139.0,-91.0,180.0,top,P3,,,Socket_Strip_Straight_1x02,LED -VE,tht
91.0,-109.0,90.0,bottom,P4,,,Socket_Strip_Straight_1x02,LED +VE,tht
109.0,-91.0,180.0,bottom,P5,,,Socket_Strip_Straight_1x02,LED -VE,tht
122.8,-99.6,90.0,top,R1,,,R_1206_3216Metric_Pad1.30x1.75mm_HandSolder,0.5,smt
125.2,-99.6,90.0,top,R2,,,R_1206_3216Metric_Pad1.30x1.75mm_HandSolder,0.5,smt
137.16,-105.2,0.0,top,R3,,,R_0805_2012Metric_Pad1.20x1.40mm_HandSolder,10k,smt
129.05,-99.484286,180.0,top,U1,,,SOT-23-5,AL8805W5,smt
